{"cameraMode":{"drawMode":0,"name":"Shaded","section":"Shading Mode"},"sceneLighting":true,"audioPlay":false,"sceneViewState":{"showFog":true,"showMaterialUpdate":false,"showSkybox":true,"showFlares":true,"showImageEffects":true,"showParticleSystems":true},"in2DMode":false,"pivot":{"x":-9.740966796875,"y":-2.6435546875,"z":21.42578125},"rotation":{"x":-0.007806530222296715,"y":-0.9921266436576843,"z":0.09584209322929383,"w":-0.0802384540438652},"size":12.318652153015137,"orthographic":true}