{"cameraMode":{"drawMode":0,"name":"Shaded","section":"Shading Mode"},"sceneLighting":true,"audioPlay":false,"sceneViewState":{"showFog":true,"showMaterialUpdate":false,"showSkybox":true,"showFlares":true,"showImageEffects":true,"showParticleSystems":true},"in2DMode":false,"pivot":{"x":0.2060546875,"y":0.644287109375,"z":3.233154296875},"rotation":{"x":0.10989390313625336,"y":-0.8350809216499329,"z":0.18093718588352204,"w":0.5077646970748901},"size":4.900110244750977,"orthographic":true}