{"cameraMode":{"drawMode":0,"name":"Shaded","section":"Shading Mode"},"sceneLighting":true,"audioPlay":false,"sceneViewState":{"showFog":true,"showMaterialUpdate":false,"showSkybox":true,"showFlares":true,"showImageEffects":true,"showParticleSystems":true},"in2DMode":false,"pivot":{"x":-2.09580397605896,"y":-0.7544498443603516,"z":10.048803329467774},"rotation":{"x":-0.11767058074474335,"y":-0.7667573690414429,"z":0.14685092866420747,"w":-0.6137357354164124},"size":7.536614418029785,"orthographic":true}