{"cameraMode":{"drawMode":0,"name":"Shaded","section":"Shading Mode"},"sceneLighting":true,"audioPlay":false,"sceneViewState":{"showFog":true,"showMaterialUpdate":false,"showSkybox":true,"showFlares":true,"showImageEffects":true,"showParticleSystems":true},"in2DMode":false,"pivot":{"x":-5.392726898193359,"y":-8.077666282653809,"z":29.967931747436525},"rotation":{"x":-0.06501343846321106,"y":-0.9333712458610535,"z":0.21831636130809785,"w":-0.2773617208003998},"size":7.5935378074646,"orthographic":true}